belagskategorie,belagsart,criterion_id,criterion_label,raw_value,norm_0_1,total_weight,weighted_score
Asphalt,Recyclingasphalt,co2,CO2-Emissionen,45.0,0.2142857142857143,0.18,0.038571428571428576
Asphalt,Sickerasphalt,co2,CO2-Emissionen,60.0,0.0,0.18,0.0
Asphalt,Heller Asphalt,co2,CO2-Emissionen,50.0,0.1428571428571429,0.18,0.02571428571428572
Asphalt,Selbstheilender Asphalt,co2,CO2-Emissionen,-7.5,0.9642857142857143,0.18,0.17357142857142857
Pflaster,Natursteinpflaster (6-10 mm Fugen),co2,CO2-Emissionen,-5.0,0.9285714285714286,0.18,0.16714285714285715
"Pflaster,""Betonpflastersteine (geschlossen, 2-4 mm Fugen)"",co2,CO2-Emissionen,-5.0,0.9285714285714286,0.18,0.16714285714285715"
"Pflaster,""Ökopflaster (sickerfähig, 6-10 mm Fugen)"",co2,CO2-Emissionen,-10.0,1.0,0.18,0.18"
Sickerbeläge,Chaussierung,co2,CO2-Emissionen,-2.5,0.8928571428571429,0.18,0.16071428571428573
Sickerbeläge,Kiesrasen,co2,CO2-Emissionen,-5.0,0.9285714285714286,0.18,0.16714285714285715
Sickerbeläge,Rasengittersteine,co2,CO2-Emissionen,-5.0,0.9285714285714286,0.18,0.16714285714285715
,,co2,CO2-Emissionen,,,0.18,
,,co2,CO2-Emissionen,,,0.18,
,,co2,CO2-Emissionen,,,0.18,
"Herleitung,""Quellen: Stadt Zürich 2022 - Grobökobilanz von Freiraumelementen, Schwammstadt Labor Zürich et al. 2025, KBOB v7.0, Xu 2018, Yan 2025, Wan 2023, Kappel (2016) - Angewandter Strassenbau"",co2,CO2-Emissionen,,,0.18,"
"Lebensdauer,""Die Lebensdauer der Beläge wurde in Anlehnung an die Grobökobilanz von Freiraumelementen (Stadt Zürich, 2022) sowie die KBOB-Ökobilanzdaten 2009/1:2022 (v7.0) definiert. Ergänzende Werte zu innovativen Asphalt- und Pflasterbelägen wurden aus Xu (2018) und Yan (2025) übernommen, die die erhöhte Lebensdauer temperatur- und bindemitteloptimierter Mischungen belegen. Für ungebundene und sickerfähige Beläge wurden kürzere Nutzungszeiten nach empirischen Beobachtungen des Schwammstadt Labors Zürich et al. (2025) angesetzt. "",co2,CO2-Emissionen,,,0.18,"
"Versickerungsleistung [ψ],""Abflussbeiwert: ψ = 1 → kein Wasser versickert, ψ = 0 → alles Wasser versickert, ψ = 0.6→ 60% Oberflächenabfluss, 40% Versickerung, nach SIA 190:2017 und DWA-A138 (Schweiz/Deutschland), Abgeleitet von Schwammstadt Labor Zürich et al. 2025 und Stadt Zürich 2022 - Grobökobilanz von Freiraumelementen"",co2,CO2-Emissionen,,,0.18,"
"Multifunktionalität - Oberflächentemperatur [°C] ,""Die  Oberflächentemperaturen wurden aus Simulationen und Feldmessungen der Stadt Zürich (2022) - Grobökobilanz von Freiraumelementen und Xu (2018) abgeleitet, ergänzt durch Werte aus Yan (2025) zur thermischen Reflexion heller Asphaltmischungen. Als Referenzwert galt der Oberflechentemperaturwert von Asphalt von 58.4°C"",co2,CO2-Emissionen,,,0.18,"
"Multifunktionalität - Befahrbarkeit,""sehr gut= uneingeschränkt PKW und LKW,gut = PKW, gelegentlich LKW, eingeschränkt = gelegentlich PKW und LKW, keine Dauerbelastung, nicht befahrbar = nicht für PKW und LKW, abgleitet von Stadt Zürich 2022 - Grobökobilanz von Freiraumelementen, Schwammstadt Labor Zürich et al. 202 "",co2,CO2-Emissionen,,,0.18,"
"Kosten [CHF/m²],""Angaben aus Stadt Zürich 2022 - Grobökobilanz von Freiraumelementen, verifiziert Schwammstadt Labor Zürich et al. 2025 und Kappel (2016)"",co2,CO2-Emissionen,,,0.18,"
"Unterhaltskosten [CHF/m²a],""Angaben aus Stadt Zürich 2022 - Grobökobilanz von Freiraumelementen, verifiziert Schwammstadt Labor Zürich et al. 2025 und Kappel (2016)"",co2,CO2-Emissionen,,,0.18,"
"Ökobilanz - CO₂-Emissionen [kg CO₂-eq/m²],""Treibhausgasemissionen für Herstellung (inkl. Transport, Bindemittel etc.), Kennwerte aus KBOB-Datensatz v7.0 (2024) - Oekobilanzdaten_Baubereich, Energie- und Treibhausgaswerte für CH-Mix, verifiziert mit Stadt Zürich 2022 - Grobökobilanz von Freiraumelementen"",co2,CO2-Emissionen,,,0.18,"
"Ökobilanz - Graue Energie [kWh/m²],""nicht-erneuerbare Primärenergiebedarf bei Herstellung, Kennwerte aus Kennwerte aus KBOB-Datensatz v7.0 (2024) - Oekobilanzdaten_Baubereich, verifiziert mit Stadt Zürich 2022 - Grobökobilanz von Freiraumelementen"",co2,CO2-Emissionen,,,0.18,"
"Recyclingfähigkeit [%],""Die qualitative Einstufung der Recyclingfähigkeit basiert auf den Angaben zur Rückbaubarkeit und Wiederverwendung in der Grobökobilanz von Freiraumelementen (Stadt Zürich, 2022) - Grobökobilanz von Freiraumelementen, Schwammstadt Labor Zürich et al. 2025."
Ergänzend wurden technische Grundlagen zur Wiederverwertung und Materialtrennung aus Kappel (2016) berücksichtigt.
"Beläge werden in die Kategorien hoch, mittel und gering eingeteilt."",co2,CO2-Emissionen,,,0.18,"
"Lokale Materialien [%],""Der Anteil lokaler Materialien wurde qualitativ bewertet. Dabei wird zwischen „meist lokal“ (> 80 %), „teilweise lokal“ (40–80 %) und „meist importiert“ (< 40 %) unterschieden. Diese Einstufung orientiert sich an den Beschreibungen der Materialherkunft in der Grobökobilanz von Freiraumelementen (Stadt Zürich, 2022), den Materialanalysen von Kappel (2016) und den Beobachtungen des Schwammstadt Labors Zürich (2025)."",co2,CO2-Emissionen,,,0.18,"
"Modulare Erneuerbarkeit,""ja = einzelne Module (Steine) austauschbar, nein = keine modulare Erneuerung möglich. Pflaster- und Sickerbeläge gelten als modular erneuerbar (Austausch einzelner Elemente), während Asphaltbeläge in der Regel vollflächig ersetzt werden müssen, eigene Einschätzung"",co2,CO2-Emissionen,,,0.18,"
"Barierefreiheit,""hoch = eben, fugenlos, rollstuhlgängig, kinderwagenfreundlich, mässig = leichte Einschränkungen durch Fugen, Unebenheiten oder Vegetation, eingeschränkt rollstuhltauglich, niedrig = nicht barrierefrei, lose Beläge oder starke Unebenheiten, eigen Einschätzung und Ableitung von Stadt Zürich 2022 - Grobökobilanz von Freiraumelementen, Schwammstadt Labor Zürich et al. 2025"",co2,CO2-Emissionen,,,0.18,"
Asphalt,Recyclingasphalt,graue_energie,Graue Energie,-15.0,0.9719101123595506,0.12,0.11662921348314607
Asphalt,Sickerasphalt,graue_energie,Graue Energie,-15.0,0.9719101123595506,0.12,0.11662921348314607
Asphalt,Heller Asphalt,graue_energie,Graue Energie,331.0,0.0,0.12,0.0
Asphalt,Selbstheilender Asphalt,graue_energie,Graue Energie,-25.0,1.0,0.12,0.12
Pflaster,Natursteinpflaster (6-10 mm Fugen),graue_energie,Graue Energie,-10.0,0.9578651685393258,0.12,0.11494382022471909
"Pflaster,""Betonpflastersteine (geschlossen, 2-4 mm Fugen)"",graue_energie,Graue Energie,-15.0,0.9719101123595506,0.12,0.11662921348314607"
"Pflaster,""Ökopflaster (sickerfähig, 6-10 mm Fugen)"",graue_energie,Graue Energie,-25.0,1.0,0.12,0.12"
Sickerbeläge,Chaussierung,graue_energie,Graue Energie,-10.0,0.9578651685393258,0.12,0.11494382022471909
Sickerbeläge,Kiesrasen,graue_energie,Graue Energie,-20.0,0.9859550561797753,0.12,0.11831460674157303
Sickerbeläge,Rasengittersteine,graue_energie,Graue Energie,-12.5,0.9648876404494382,0.12,0.11578651685393258
,,graue_energie,Graue Energie,,,0.12,
,,graue_energie,Graue Energie,,,0.12,
,,graue_energie,Graue Energie,,,0.12,
"Herleitung,""Quellen: Stadt Zürich 2022 - Grobökobilanz von Freiraumelementen, Schwammstadt Labor Zürich et al. 2025, KBOB v7.0, Xu 2018, Yan 2025, Wan 2023, Kappel (2016) - Angewandter Strassenbau"",graue_energie,Graue Energie,,,0.12,"
"Lebensdauer,""Die Lebensdauer der Beläge wurde in Anlehnung an die Grobökobilanz von Freiraumelementen (Stadt Zürich, 2022) sowie die KBOB-Ökobilanzdaten 2009/1:2022 (v7.0) definiert. Ergänzende Werte zu innovativen Asphalt- und Pflasterbelägen wurden aus Xu (2018) und Yan (2025) übernommen, die die erhöhte Lebensdauer temperatur- und bindemitteloptimierter Mischungen belegen. Für ungebundene und sickerfähige Beläge wurden kürzere Nutzungszeiten nach empirischen Beobachtungen des Schwammstadt Labors Zürich et al. (2025) angesetzt. "",graue_energie,Graue Energie,,,0.12,"
"Versickerungsleistung [ψ],""Abflussbeiwert: ψ = 1 → kein Wasser versickert, ψ = 0 → alles Wasser versickert, ψ = 0.6→ 60% Oberflächenabfluss, 40% Versickerung, nach SIA 190:2017 und DWA-A138 (Schweiz/Deutschland), Abgeleitet von Schwammstadt Labor Zürich et al. 2025 und Stadt Zürich 2022 - Grobökobilanz von Freiraumelementen"",graue_energie,Graue Energie,,,0.12,"
"Multifunktionalität - Oberflächentemperatur [°C] ,""Die  Oberflächentemperaturen wurden aus Simulationen und Feldmessungen der Stadt Zürich (2022) - Grobökobilanz von Freiraumelementen und Xu (2018) abgeleitet, ergänzt durch Werte aus Yan (2025) zur thermischen Reflexion heller Asphaltmischungen. Als Referenzwert galt der Oberflechentemperaturwert von Asphalt von 58.4°C"",graue_energie,Graue Energie,,,0.12,"
"Multifunktionalität - Befahrbarkeit,""sehr gut= uneingeschränkt PKW und LKW,gut = PKW, gelegentlich LKW, eingeschränkt = gelegentlich PKW und LKW, keine Dauerbelastung, nicht befahrbar = nicht für PKW und LKW, abgleitet von Stadt Zürich 2022 - Grobökobilanz von Freiraumelementen, Schwammstadt Labor Zürich et al. 202 "",graue_energie,Graue Energie,,,0.12,"
"Kosten [CHF/m²],""Angaben aus Stadt Zürich 2022 - Grobökobilanz von Freiraumelementen, verifiziert Schwammstadt Labor Zürich et al. 2025 und Kappel (2016)"",graue_energie,Graue Energie,,,0.12,"
"Unterhaltskosten [CHF/m²a],""Angaben aus Stadt Zürich 2022 - Grobökobilanz von Freiraumelementen, verifiziert Schwammstadt Labor Zürich et al. 2025 und Kappel (2016)"",graue_energie,Graue Energie,,,0.12,"
"Ökobilanz - CO₂-Emissionen [kg CO₂-eq/m²],""Treibhausgasemissionen für Herstellung (inkl. Transport, Bindemittel etc.), Kennwerte aus KBOB-Datensatz v7.0 (2024) - Oekobilanzdaten_Baubereich, Energie- und Treibhausgaswerte für CH-Mix, verifiziert mit Stadt Zürich 2022 - Grobökobilanz von Freiraumelementen"",graue_energie,Graue Energie,,,0.12,"
"Ökobilanz - Graue Energie [kWh/m²],""nicht-erneuerbare Primärenergiebedarf bei Herstellung, Kennwerte aus Kennwerte aus KBOB-Datensatz v7.0 (2024) - Oekobilanzdaten_Baubereich, verifiziert mit Stadt Zürich 2022 - Grobökobilanz von Freiraumelementen"",graue_energie,Graue Energie,,,0.12,"
"Recyclingfähigkeit [%],""Die qualitative Einstufung der Recyclingfähigkeit basiert auf den Angaben zur Rückbaubarkeit und Wiederverwendung in der Grobökobilanz von Freiraumelementen (Stadt Zürich, 2022) - Grobökobilanz von Freiraumelementen, Schwammstadt Labor Zürich et al. 2025."
Ergänzend wurden technische Grundlagen zur Wiederverwertung und Materialtrennung aus Kappel (2016) berücksichtigt.
"Beläge werden in die Kategorien hoch, mittel und gering eingeteilt."",graue_energie,Graue Energie,,,0.12,"
"Lokale Materialien [%],""Der Anteil lokaler Materialien wurde qualitativ bewertet. Dabei wird zwischen „meist lokal“ (> 80 %), „teilweise lokal“ (40–80 %) und „meist importiert“ (< 40 %) unterschieden. Diese Einstufung orientiert sich an den Beschreibungen der Materialherkunft in der Grobökobilanz von Freiraumelementen (Stadt Zürich, 2022), den Materialanalysen von Kappel (2016) und den Beobachtungen des Schwammstadt Labors Zürich (2025)."",graue_energie,Graue Energie,,,0.12,"
"Modulare Erneuerbarkeit,""ja = einzelne Module (Steine) austauschbar, nein = keine modulare Erneuerung möglich. Pflaster- und Sickerbeläge gelten als modular erneuerbar (Austausch einzelner Elemente), während Asphaltbeläge in der Regel vollflächig ersetzt werden müssen, eigene Einschätzung"",graue_energie,Graue Energie,,,0.12,"
"Barierefreiheit,""hoch = eben, fugenlos, rollstuhlgängig, kinderwagenfreundlich, mässig = leichte Einschränkungen durch Fugen, Unebenheiten oder Vegetation, eingeschränkt rollstuhltauglich, niedrig = nicht barrierefrei, lose Beläge oder starke Unebenheiten, eigen Einschätzung und Ableitung von Stadt Zürich 2022 - Grobökobilanz von Freiraumelementen, Schwammstadt Labor Zürich et al. 2025"",graue_energie,Graue Energie,,,0.12,"
Asphalt,Recyclingasphalt,lebensdauer,Lebensdauer,-2.5,1.0,0.1,0.1
Asphalt,Sickerasphalt,lebensdauer,Lebensdauer,-2.5,1.0,0.1,0.1
Asphalt,Heller Asphalt,lebensdauer,Lebensdauer,-2.5,1.0,0.1,0.1
Asphalt,Selbstheilender Asphalt,lebensdauer,Lebensdauer,-2.5,1.0,0.1,0.1
Pflaster,Natursteinpflaster (6-10 mm Fugen),lebensdauer,Lebensdauer,-10.0,0.0,0.1,0.0
"Pflaster,""Betonpflastersteine (geschlossen, 2-4 mm Fugen)"",lebensdauer,Lebensdauer,-5.0,0.6666666666666666,0.1,0.06666666666666667"
"Pflaster,""Ökopflaster (sickerfähig, 6-10 mm Fugen)"",lebensdauer,Lebensdauer,-5.0,0.6666666666666666,0.1,0.06666666666666667"
Sickerbeläge,Chaussierung,lebensdauer,Lebensdauer,-2.5,1.0,0.1,0.1
Sickerbeläge,Kiesrasen,lebensdauer,Lebensdauer,-5.0,0.6666666666666666,0.1,0.06666666666666667
Sickerbeläge,Rasengittersteine,lebensdauer,Lebensdauer,-5.0,0.6666666666666666,0.1,0.06666666666666667
,,lebensdauer,Lebensdauer,,,0.1,
,,lebensdauer,Lebensdauer,,,0.1,
,,lebensdauer,Lebensdauer,,,0.1,
"Herleitung,""Quellen: Stadt Zürich 2022 - Grobökobilanz von Freiraumelementen, Schwammstadt Labor Zürich et al. 2025, KBOB v7.0, Xu 2018, Yan 2025, Wan 2023, Kappel (2016) - Angewandter Strassenbau"",lebensdauer,Lebensdauer,,,0.1,"
"Lebensdauer,""Die Lebensdauer der Beläge wurde in Anlehnung an die Grobökobilanz von Freiraumelementen (Stadt Zürich, 2022) sowie die KBOB-Ökobilanzdaten 2009/1:2022 (v7.0) definiert. Ergänzende Werte zu innovativen Asphalt- und Pflasterbelägen wurden aus Xu (2018) und Yan (2025) übernommen, die die erhöhte Lebensdauer temperatur- und bindemitteloptimierter Mischungen belegen. Für ungebundene und sickerfähige Beläge wurden kürzere Nutzungszeiten nach empirischen Beobachtungen des Schwammstadt Labors Zürich et al. (2025) angesetzt. "",lebensdauer,Lebensdauer,,,0.1,"
"Versickerungsleistung [ψ],""Abflussbeiwert: ψ = 1 → kein Wasser versickert, ψ = 0 → alles Wasser versickert, ψ = 0.6→ 60% Oberflächenabfluss, 40% Versickerung, nach SIA 190:2017 und DWA-A138 (Schweiz/Deutschland), Abgeleitet von Schwammstadt Labor Zürich et al. 2025 und Stadt Zürich 2022 - Grobökobilanz von Freiraumelementen"",lebensdauer,Lebensdauer,,,0.1,"
"Multifunktionalität - Oberflächentemperatur [°C] ,""Die  Oberflächentemperaturen wurden aus Simulationen und Feldmessungen der Stadt Zürich (2022) - Grobökobilanz von Freiraumelementen und Xu (2018) abgeleitet, ergänzt durch Werte aus Yan (2025) zur thermischen Reflexion heller Asphaltmischungen. Als Referenzwert galt der Oberflechentemperaturwert von Asphalt von 58.4°C"",lebensdauer,Lebensdauer,,,0.1,"
"Multifunktionalität - Befahrbarkeit,""sehr gut= uneingeschränkt PKW und LKW,gut = PKW, gelegentlich LKW, eingeschränkt = gelegentlich PKW und LKW, keine Dauerbelastung, nicht befahrbar = nicht für PKW und LKW, abgleitet von Stadt Zürich 2022 - Grobökobilanz von Freiraumelementen, Schwammstadt Labor Zürich et al. 202 "",lebensdauer,Lebensdauer,,,0.1,"
"Kosten [CHF/m²],""Angaben aus Stadt Zürich 2022 - Grobökobilanz von Freiraumelementen, verifiziert Schwammstadt Labor Zürich et al. 2025 und Kappel (2016)"",lebensdauer,Lebensdauer,,,0.1,"
"Unterhaltskosten [CHF/m²a],""Angaben aus Stadt Zürich 2022 - Grobökobilanz von Freiraumelementen, verifiziert Schwammstadt Labor Zürich et al. 2025 und Kappel (2016)"",lebensdauer,Lebensdauer,,,0.1,"
"Ökobilanz - CO₂-Emissionen [kg CO₂-eq/m²],""Treibhausgasemissionen für Herstellung (inkl. Transport, Bindemittel etc.), Kennwerte aus KBOB-Datensatz v7.0 (2024) - Oekobilanzdaten_Baubereich, Energie- und Treibhausgaswerte für CH-Mix, verifiziert mit Stadt Zürich 2022 - Grobökobilanz von Freiraumelementen"",lebensdauer,Lebensdauer,,,0.1,"
"Ökobilanz - Graue Energie [kWh/m²],""nicht-erneuerbare Primärenergiebedarf bei Herstellung, Kennwerte aus Kennwerte aus KBOB-Datensatz v7.0 (2024) - Oekobilanzdaten_Baubereich, verifiziert mit Stadt Zürich 2022 - Grobökobilanz von Freiraumelementen"",lebensdauer,Lebensdauer,,,0.1,"
"Recyclingfähigkeit [%],""Die qualitative Einstufung der Recyclingfähigkeit basiert auf den Angaben zur Rückbaubarkeit und Wiederverwendung in der Grobökobilanz von Freiraumelementen (Stadt Zürich, 2022) - Grobökobilanz von Freiraumelementen, Schwammstadt Labor Zürich et al. 2025."
Ergänzend wurden technische Grundlagen zur Wiederverwertung und Materialtrennung aus Kappel (2016) berücksichtigt.
"Beläge werden in die Kategorien hoch, mittel und gering eingeteilt."",lebensdauer,Lebensdauer,,,0.1,"
"Lokale Materialien [%],""Der Anteil lokaler Materialien wurde qualitativ bewertet. Dabei wird zwischen „meist lokal“ (> 80 %), „teilweise lokal“ (40–80 %) und „meist importiert“ (< 40 %) unterschieden. Diese Einstufung orientiert sich an den Beschreibungen der Materialherkunft in der Grobökobilanz von Freiraumelementen (Stadt Zürich, 2022), den Materialanalysen von Kappel (2016) und den Beobachtungen des Schwammstadt Labors Zürich (2025)."",lebensdauer,Lebensdauer,,,0.1,"
"Modulare Erneuerbarkeit,""ja = einzelne Module (Steine) austauschbar, nein = keine modulare Erneuerung möglich. Pflaster- und Sickerbeläge gelten als modular erneuerbar (Austausch einzelner Elemente), während Asphaltbeläge in der Regel vollflächig ersetzt werden müssen, eigene Einschätzung"",lebensdauer,Lebensdauer,,,0.1,"
"Barierefreiheit,""hoch = eben, fugenlos, rollstuhlgängig, kinderwagenfreundlich, mässig = leichte Einschränkungen durch Fugen, Unebenheiten oder Vegetation, eingeschränkt rollstuhltauglich, niedrig = nicht barrierefrei, lose Beläge oder starke Unebenheiten, eigen Einschätzung und Ableitung von Stadt Zürich 2022 - Grobökobilanz von Freiraumelementen, Schwammstadt Labor Zürich et al. 2025"",lebensdauer,Lebensdauer,,,0.1,"
Asphalt,Recyclingasphalt,unterhalt,Unterhalt,-1.0,0.8571428571428572,0.075,0.0642857142857143
Asphalt,Sickerasphalt,unterhalt,Unterhalt,-1.5,1.0,0.075,0.075
Asphalt,Heller Asphalt,unterhalt,Unterhalt,-1.0,0.8571428571428572,0.075,0.0642857142857143
Asphalt,Selbstheilender Asphalt,unterhalt,Unterhalt,2.0,0.0,0.075,0.0
Pflaster,Natursteinpflaster (6-10 mm Fugen),unterhalt,Unterhalt,-1.0,0.8571428571428572,0.075,0.0642857142857143
"Pflaster,""Betonpflastersteine (geschlossen, 2-4 mm Fugen)"",unterhalt,Unterhalt,-1.0,0.8571428571428572,0.075,0.0642857142857143"
"Pflaster,""Ökopflaster (sickerfähig, 6-10 mm Fugen)"",unterhalt,Unterhalt,-1.0,0.8571428571428572,0.075,0.0642857142857143"
Sickerbeläge,Chaussierung,unterhalt,Unterhalt,-1.0,0.8571428571428572,0.075,0.0642857142857143
Sickerbeläge,Kiesrasen,unterhalt,Unterhalt,-1.0,0.8571428571428572,0.075,0.0642857142857143
Sickerbeläge,Rasengittersteine,unterhalt,Unterhalt,-1.0,0.8571428571428572,0.075,0.0642857142857143
,,unterhalt,Unterhalt,,,0.075,
,,unterhalt,Unterhalt,,,0.075,
,,unterhalt,Unterhalt,,,0.075,
"Herleitung,""Quellen: Stadt Zürich 2022 - Grobökobilanz von Freiraumelementen, Schwammstadt Labor Zürich et al. 2025, KBOB v7.0, Xu 2018, Yan 2025, Wan 2023, Kappel (2016) - Angewandter Strassenbau"",unterhalt,Unterhalt,,,0.075,"
"Lebensdauer,""Die Lebensdauer der Beläge wurde in Anlehnung an die Grobökobilanz von Freiraumelementen (Stadt Zürich, 2022) sowie die KBOB-Ökobilanzdaten 2009/1:2022 (v7.0) definiert. Ergänzende Werte zu innovativen Asphalt- und Pflasterbelägen wurden aus Xu (2018) und Yan (2025) übernommen, die die erhöhte Lebensdauer temperatur- und bindemitteloptimierter Mischungen belegen. Für ungebundene und sickerfähige Beläge wurden kürzere Nutzungszeiten nach empirischen Beobachtungen des Schwammstadt Labors Zürich et al. (2025) angesetzt. "",unterhalt,Unterhalt,,,0.075,"
"Versickerungsleistung [ψ],""Abflussbeiwert: ψ = 1 → kein Wasser versickert, ψ = 0 → alles Wasser versickert, ψ = 0.6→ 60% Oberflächenabfluss, 40% Versickerung, nach SIA 190:2017 und DWA-A138 (Schweiz/Deutschland), Abgeleitet von Schwammstadt Labor Zürich et al. 2025 und Stadt Zürich 2022 - Grobökobilanz von Freiraumelementen"",unterhalt,Unterhalt,,,0.075,"
"Multifunktionalität - Oberflächentemperatur [°C] ,""Die  Oberflächentemperaturen wurden aus Simulationen und Feldmessungen der Stadt Zürich (2022) - Grobökobilanz von Freiraumelementen und Xu (2018) abgeleitet, ergänzt durch Werte aus Yan (2025) zur thermischen Reflexion heller Asphaltmischungen. Als Referenzwert galt der Oberflechentemperaturwert von Asphalt von 58.4°C"",unterhalt,Unterhalt,,,0.075,"
"Multifunktionalität - Befahrbarkeit,""sehr gut= uneingeschränkt PKW und LKW,gut = PKW, gelegentlich LKW, eingeschränkt = gelegentlich PKW und LKW, keine Dauerbelastung, nicht befahrbar = nicht für PKW und LKW, abgleitet von Stadt Zürich 2022 - Grobökobilanz von Freiraumelementen, Schwammstadt Labor Zürich et al. 202 "",unterhalt,Unterhalt,,,0.075,"
"Kosten [CHF/m²],""Angaben aus Stadt Zürich 2022 - Grobökobilanz von Freiraumelementen, verifiziert Schwammstadt Labor Zürich et al. 2025 und Kappel (2016)"",unterhalt,Unterhalt,,,0.075,"
"Unterhaltskosten [CHF/m²a],""Angaben aus Stadt Zürich 2022 - Grobökobilanz von Freiraumelementen, verifiziert Schwammstadt Labor Zürich et al. 2025 und Kappel (2016)"",unterhalt,Unterhalt,,,0.075,"
"Ökobilanz - CO₂-Emissionen [kg CO₂-eq/m²],""Treibhausgasemissionen für Herstellung (inkl. Transport, Bindemittel etc.), Kennwerte aus KBOB-Datensatz v7.0 (2024) - Oekobilanzdaten_Baubereich, Energie- und Treibhausgaswerte für CH-Mix, verifiziert mit Stadt Zürich 2022 - Grobökobilanz von Freiraumelementen"",unterhalt,Unterhalt,,,0.075,"
"Ökobilanz - Graue Energie [kWh/m²],""nicht-erneuerbare Primärenergiebedarf bei Herstellung, Kennwerte aus Kennwerte aus KBOB-Datensatz v7.0 (2024) - Oekobilanzdaten_Baubereich, verifiziert mit Stadt Zürich 2022 - Grobökobilanz von Freiraumelementen"",unterhalt,Unterhalt,,,0.075,"
"Recyclingfähigkeit [%],""Die qualitative Einstufung der Recyclingfähigkeit basiert auf den Angaben zur Rückbaubarkeit und Wiederverwendung in der Grobökobilanz von Freiraumelementen (Stadt Zürich, 2022) - Grobökobilanz von Freiraumelementen, Schwammstadt Labor Zürich et al. 2025."
Ergänzend wurden technische Grundlagen zur Wiederverwertung und Materialtrennung aus Kappel (2016) berücksichtigt.
"Beläge werden in die Kategorien hoch, mittel und gering eingeteilt."",unterhalt,Unterhalt,,,0.075,"
"Lokale Materialien [%],""Der Anteil lokaler Materialien wurde qualitativ bewertet. Dabei wird zwischen „meist lokal“ (> 80 %), „teilweise lokal“ (40–80 %) und „meist importiert“ (< 40 %) unterschieden. Diese Einstufung orientiert sich an den Beschreibungen der Materialherkunft in der Grobökobilanz von Freiraumelementen (Stadt Zürich, 2022), den Materialanalysen von Kappel (2016) und den Beobachtungen des Schwammstadt Labors Zürich (2025)."",unterhalt,Unterhalt,,,0.075,"
"Modulare Erneuerbarkeit,""ja = einzelne Module (Steine) austauschbar, nein = keine modulare Erneuerung möglich. Pflaster- und Sickerbeläge gelten als modular erneuerbar (Austausch einzelner Elemente), während Asphaltbeläge in der Regel vollflächig ersetzt werden müssen, eigene Einschätzung"",unterhalt,Unterhalt,,,0.075,"
"Barierefreiheit,""hoch = eben, fugenlos, rollstuhlgängig, kinderwagenfreundlich, mässig = leichte Einschränkungen durch Fugen, Unebenheiten oder Vegetation, eingeschränkt rollstuhltauglich, niedrig = nicht barrierefrei, lose Beläge oder starke Unebenheiten, eigen Einschätzung und Ableitung von Stadt Zürich 2022 - Grobökobilanz von Freiraumelementen, Schwammstadt Labor Zürich et al. 2025"",unterhalt,Unterhalt,,,0.075,"
Asphalt,Recyclingasphalt,kosten,Kosten,-10.0,0.8148148148148149,0.075,0.061111111111111116
Asphalt,Sickerasphalt,kosten,Kosten,100.0,0.0,0.075,0.0
Asphalt,Heller Asphalt,kosten,Kosten,-10.0,0.8148148148148149,0.075,0.061111111111111116
Asphalt,Selbstheilender Asphalt,kosten,Kosten,-22.5,0.9074074074074074,0.075,0.06805555555555555
Pflaster,Natursteinpflaster (6-10 mm Fugen),kosten,Kosten,-35.0,1.0,0.075,0.075
"Pflaster,""Betonpflastersteine (geschlossen, 2-4 mm Fugen)"",kosten,Kosten,-10.0,0.8148148148148149,0.075,0.061111111111111116"
"Pflaster,""Ökopflaster (sickerfähig, 6-10 mm Fugen)"",kosten,Kosten,-25.0,0.9259259259259259,0.075,0.06944444444444445"
Sickerbeläge,Chaussierung,kosten,Kosten,-10.0,0.8148148148148149,0.075,0.061111111111111116
Sickerbeläge,Kiesrasen,kosten,Kosten,-25.0,0.9259259259259259,0.075,0.06944444444444445
Sickerbeläge,Rasengittersteine,kosten,Kosten,-20.0,0.8888888888888888,0.075,0.06666666666666667
,,kosten,Kosten,,,0.075,
,,kosten,Kosten,,,0.075,
,,kosten,Kosten,,,0.075,
"Herleitung,""Quellen: Stadt Zürich 2022 - Grobökobilanz von Freiraumelementen, Schwammstadt Labor Zürich et al. 2025, KBOB v7.0, Xu 2018, Yan 2025, Wan 2023, Kappel (2016) - Angewandter Strassenbau"",kosten,Kosten,,,0.075,"
"Lebensdauer,""Die Lebensdauer der Beläge wurde in Anlehnung an die Grobökobilanz von Freiraumelementen (Stadt Zürich, 2022) sowie die KBOB-Ökobilanzdaten 2009/1:2022 (v7.0) definiert. Ergänzende Werte zu innovativen Asphalt- und Pflasterbelägen wurden aus Xu (2018) und Yan (2025) übernommen, die die erhöhte Lebensdauer temperatur- und bindemitteloptimierter Mischungen belegen. Für ungebundene und sickerfähige Beläge wurden kürzere Nutzungszeiten nach empirischen Beobachtungen des Schwammstadt Labors Zürich et al. (2025) angesetzt. "",kosten,Kosten,,,0.075,"
"Versickerungsleistung [ψ],""Abflussbeiwert: ψ = 1 → kein Wasser versickert, ψ = 0 → alles Wasser versickert, ψ = 0.6→ 60% Oberflächenabfluss, 40% Versickerung, nach SIA 190:2017 und DWA-A138 (Schweiz/Deutschland), Abgeleitet von Schwammstadt Labor Zürich et al. 2025 und Stadt Zürich 2022 - Grobökobilanz von Freiraumelementen"",kosten,Kosten,,,0.075,"
"Multifunktionalität - Oberflächentemperatur [°C] ,""Die  Oberflächentemperaturen wurden aus Simulationen und Feldmessungen der Stadt Zürich (2022) - Grobökobilanz von Freiraumelementen und Xu (2018) abgeleitet, ergänzt durch Werte aus Yan (2025) zur thermischen Reflexion heller Asphaltmischungen. Als Referenzwert galt der Oberflechentemperaturwert von Asphalt von 58.4°C"",kosten,Kosten,,,0.075,"
"Multifunktionalität - Befahrbarkeit,""sehr gut= uneingeschränkt PKW und LKW,gut = PKW, gelegentlich LKW, eingeschränkt = gelegentlich PKW und LKW, keine Dauerbelastung, nicht befahrbar = nicht für PKW und LKW, abgleitet von Stadt Zürich 2022 - Grobökobilanz von Freiraumelementen, Schwammstadt Labor Zürich et al. 202 "",kosten,Kosten,,,0.075,"
"Kosten [CHF/m²],""Angaben aus Stadt Zürich 2022 - Grobökobilanz von Freiraumelementen, verifiziert Schwammstadt Labor Zürich et al. 2025 und Kappel (2016)"",kosten,Kosten,,,0.075,"
"Unterhaltskosten [CHF/m²a],""Angaben aus Stadt Zürich 2022 - Grobökobilanz von Freiraumelementen, verifiziert Schwammstadt Labor Zürich et al. 2025 und Kappel (2016)"",kosten,Kosten,,,0.075,"
"Ökobilanz - CO₂-Emissionen [kg CO₂-eq/m²],""Treibhausgasemissionen für Herstellung (inkl. Transport, Bindemittel etc.), Kennwerte aus KBOB-Datensatz v7.0 (2024) - Oekobilanzdaten_Baubereich, Energie- und Treibhausgaswerte für CH-Mix, verifiziert mit Stadt Zürich 2022 - Grobökobilanz von Freiraumelementen"",kosten,Kosten,,,0.075,"
"Ökobilanz - Graue Energie [kWh/m²],""nicht-erneuerbare Primärenergiebedarf bei Herstellung, Kennwerte aus Kennwerte aus KBOB-Datensatz v7.0 (2024) - Oekobilanzdaten_Baubereich, verifiziert mit Stadt Zürich 2022 - Grobökobilanz von Freiraumelementen"",kosten,Kosten,,,0.075,"
"Recyclingfähigkeit [%],""Die qualitative Einstufung der Recyclingfähigkeit basiert auf den Angaben zur Rückbaubarkeit und Wiederverwendung in der Grobökobilanz von Freiraumelementen (Stadt Zürich, 2022) - Grobökobilanz von Freiraumelementen, Schwammstadt Labor Zürich et al. 2025."
Ergänzend wurden technische Grundlagen zur Wiederverwertung und Materialtrennung aus Kappel (2016) berücksichtigt.
"Beläge werden in die Kategorien hoch, mittel und gering eingeteilt."",kosten,Kosten,,,0.075,"
"Lokale Materialien [%],""Der Anteil lokaler Materialien wurde qualitativ bewertet. Dabei wird zwischen „meist lokal“ (> 80 %), „teilweise lokal“ (40–80 %) und „meist importiert“ (< 40 %) unterschieden. Diese Einstufung orientiert sich an den Beschreibungen der Materialherkunft in der Grobökobilanz von Freiraumelementen (Stadt Zürich, 2022), den Materialanalysen von Kappel (2016) und den Beobachtungen des Schwammstadt Labors Zürich (2025)."",kosten,Kosten,,,0.075,"
"Modulare Erneuerbarkeit,""ja = einzelne Module (Steine) austauschbar, nein = keine modulare Erneuerung möglich. Pflaster- und Sickerbeläge gelten als modular erneuerbar (Austausch einzelner Elemente), während Asphaltbeläge in der Regel vollflächig ersetzt werden müssen, eigene Einschätzung"",kosten,Kosten,,,0.075,"
"Barierefreiheit,""hoch = eben, fugenlos, rollstuhlgängig, kinderwagenfreundlich, mässig = leichte Einschränkungen durch Fugen, Unebenheiten oder Vegetation, eingeschränkt rollstuhltauglich, niedrig = nicht barrierefrei, lose Beläge oder starke Unebenheiten, eigen Einschätzung und Ableitung von Stadt Zürich 2022 - Grobökobilanz von Freiraumelementen, Schwammstadt Labor Zürich et al. 2025"",kosten,Kosten,,,0.075,"
Asphalt,Recyclingasphalt,versickerung,Versickerungsleistung (ψ),1.0,0.0,0.075,0.0
Asphalt,Sickerasphalt,versickerung,Versickerungsleistung (ψ),-0.05000000000000002,0.9545454545454546,0.075,0.0715909090909091
Asphalt,Heller Asphalt,versickerung,Versickerungsleistung (ψ),1.0,0.0,0.075,0.0
Asphalt,Selbstheilender Asphalt,versickerung,Versickerungsleistung (ψ),1.0,0.0,0.075,0.0
Pflaster,Natursteinpflaster (6-10 mm Fugen),versickerung,Versickerungsleistung (ψ),0.6,0.36363636363636376,0.075,0.027272727272727282
"Pflaster,""Betonpflastersteine (geschlossen, 2-4 mm Fugen)"",versickerung,Versickerungsleistung (ψ),1.0,0.0,0.075,0.0"
"Pflaster,""Ökopflaster (sickerfähig, 6-10 mm Fugen)"",versickerung,Versickerungsleistung (ψ),0.35,0.590909090909091,0.075,0.044318181818181826"
Sickerbeläge,Chaussierung,versickerung,Versickerungsleistung (ψ),0.5,0.4545454545454546,0.075,0.034090909090909095
Sickerbeläge,Kiesrasen,versickerung,Versickerungsleistung (ψ),0.2,0.7272727272727273,0.075,0.05454545454545454
Sickerbeläge,Rasengittersteine,versickerung,Versickerungsleistung (ψ),-0.1,1.0,0.075,0.075
,,versickerung,Versickerungsleistung (ψ),,,0.075,
,,versickerung,Versickerungsleistung (ψ),,,0.075,
,,versickerung,Versickerungsleistung (ψ),,,0.075,
"Herleitung,""Quellen: Stadt Zürich 2022 - Grobökobilanz von Freiraumelementen, Schwammstadt Labor Zürich et al. 2025, KBOB v7.0, Xu 2018, Yan 2025, Wan 2023, Kappel (2016) - Angewandter Strassenbau"",versickerung,Versickerungsleistung (ψ),,,0.075,"
"Lebensdauer,""Die Lebensdauer der Beläge wurde in Anlehnung an die Grobökobilanz von Freiraumelementen (Stadt Zürich, 2022) sowie die KBOB-Ökobilanzdaten 2009/1:2022 (v7.0) definiert. Ergänzende Werte zu innovativen Asphalt- und Pflasterbelägen wurden aus Xu (2018) und Yan (2025) übernommen, die die erhöhte Lebensdauer temperatur- und bindemitteloptimierter Mischungen belegen. Für ungebundene und sickerfähige Beläge wurden kürzere Nutzungszeiten nach empirischen Beobachtungen des Schwammstadt Labors Zürich et al. (2025) angesetzt. "",versickerung,Versickerungsleistung (ψ),,,0.075,"
"Versickerungsleistung [ψ],""Abflussbeiwert: ψ = 1 → kein Wasser versickert, ψ = 0 → alles Wasser versickert, ψ = 0.6→ 60% Oberflächenabfluss, 40% Versickerung, nach SIA 190:2017 und DWA-A138 (Schweiz/Deutschland), Abgeleitet von Schwammstadt Labor Zürich et al. 2025 und Stadt Zürich 2022 - Grobökobilanz von Freiraumelementen"",versickerung,Versickerungsleistung (ψ),,,0.075,"
"Multifunktionalität - Oberflächentemperatur [°C] ,""Die  Oberflächentemperaturen wurden aus Simulationen und Feldmessungen der Stadt Zürich (2022) - Grobökobilanz von Freiraumelementen und Xu (2018) abgeleitet, ergänzt durch Werte aus Yan (2025) zur thermischen Reflexion heller Asphaltmischungen. Als Referenzwert galt der Oberflechentemperaturwert von Asphalt von 58.4°C"",versickerung,Versickerungsleistung (ψ),,,0.075,"
"Multifunktionalität - Befahrbarkeit,""sehr gut= uneingeschränkt PKW und LKW,gut = PKW, gelegentlich LKW, eingeschränkt = gelegentlich PKW und LKW, keine Dauerbelastung, nicht befahrbar = nicht für PKW und LKW, abgleitet von Stadt Zürich 2022 - Grobökobilanz von Freiraumelementen, Schwammstadt Labor Zürich et al. 202 "",versickerung,Versickerungsleistung (ψ),,,0.075,"
"Kosten [CHF/m²],""Angaben aus Stadt Zürich 2022 - Grobökobilanz von Freiraumelementen, verifiziert Schwammstadt Labor Zürich et al. 2025 und Kappel (2016)"",versickerung,Versickerungsleistung (ψ),,,0.075,"
"Unterhaltskosten [CHF/m²a],""Angaben aus Stadt Zürich 2022 - Grobökobilanz von Freiraumelementen, verifiziert Schwammstadt Labor Zürich et al. 2025 und Kappel (2016)"",versickerung,Versickerungsleistung (ψ),,,0.075,"
"Ökobilanz - CO₂-Emissionen [kg CO₂-eq/m²],""Treibhausgasemissionen für Herstellung (inkl. Transport, Bindemittel etc.), Kennwerte aus KBOB-Datensatz v7.0 (2024) - Oekobilanzdaten_Baubereich, Energie- und Treibhausgaswerte für CH-Mix, verifiziert mit Stadt Zürich 2022 - Grobökobilanz von Freiraumelementen"",versickerung,Versickerungsleistung (ψ),,,0.075,"
"Ökobilanz - Graue Energie [kWh/m²],""nicht-erneuerbare Primärenergiebedarf bei Herstellung, Kennwerte aus Kennwerte aus KBOB-Datensatz v7.0 (2024) - Oekobilanzdaten_Baubereich, verifiziert mit Stadt Zürich 2022 - Grobökobilanz von Freiraumelementen"",versickerung,Versickerungsleistung (ψ),,,0.075,"
"Recyclingfähigkeit [%],""Die qualitative Einstufung der Recyclingfähigkeit basiert auf den Angaben zur Rückbaubarkeit und Wiederverwendung in der Grobökobilanz von Freiraumelementen (Stadt Zürich, 2022) - Grobökobilanz von Freiraumelementen, Schwammstadt Labor Zürich et al. 2025."
Ergänzend wurden technische Grundlagen zur Wiederverwertung und Materialtrennung aus Kappel (2016) berücksichtigt.
"Beläge werden in die Kategorien hoch, mittel und gering eingeteilt."",versickerung,Versickerungsleistung (ψ),,,0.075,"
"Lokale Materialien [%],""Der Anteil lokaler Materialien wurde qualitativ bewertet. Dabei wird zwischen „meist lokal“ (> 80 %), „teilweise lokal“ (40–80 %) und „meist importiert“ (< 40 %) unterschieden. Diese Einstufung orientiert sich an den Beschreibungen der Materialherkunft in der Grobökobilanz von Freiraumelementen (Stadt Zürich, 2022), den Materialanalysen von Kappel (2016) und den Beobachtungen des Schwammstadt Labors Zürich (2025)."",versickerung,Versickerungsleistung (ψ),,,0.075,"
"Modulare Erneuerbarkeit,""ja = einzelne Module (Steine) austauschbar, nein = keine modulare Erneuerung möglich. Pflaster- und Sickerbeläge gelten als modular erneuerbar (Austausch einzelner Elemente), während Asphaltbeläge in der Regel vollflächig ersetzt werden müssen, eigene Einschätzung"",versickerung,Versickerungsleistung (ψ),,,0.075,"
"Barierefreiheit,""hoch = eben, fugenlos, rollstuhlgängig, kinderwagenfreundlich, mässig = leichte Einschränkungen durch Fugen, Unebenheiten oder Vegetation, eingeschränkt rollstuhltauglich, niedrig = nicht barrierefrei, lose Beläge oder starke Unebenheiten, eigen Einschätzung und Ableitung von Stadt Zürich 2022 - Grobökobilanz von Freiraumelementen, Schwammstadt Labor Zürich et al. 2025"",versickerung,Versickerungsleistung (ψ),,,0.075,"
Asphalt,Recyclingasphalt,oberflaechentemperatur,Oberflächentemperatur,58.4,0.0,0.075,0.0
Asphalt,Sickerasphalt,oberflaechentemperatur,Oberflächentemperatur,-0.5,0.9671592775041051,0.075,0.07253694581280788
Asphalt,Heller Asphalt,oberflaechentemperatur,Oberflächentemperatur,-1.0,0.9753694581280788,0.075,0.07315270935960591
Asphalt,Selbstheilender Asphalt,oberflaechentemperatur,Oberflächentemperatur,58.4,0.0,0.075,0.0
Pflaster,Natursteinpflaster (6-10 mm Fugen),oberflaechentemperatur,Oberflächentemperatur,-2.5,1.0,0.075,0.075
"Pflaster,""Betonpflastersteine (geschlossen, 2-4 mm Fugen)"",oberflaechentemperatur,Oberflächentemperatur,-2.5,1.0,0.075,0.075"
"Pflaster,""Ökopflaster (sickerfähig, 6-10 mm Fugen)"",oberflaechentemperatur,Oberflächentemperatur,-2.0,0.9917898193760263,0.075,0.07438423645320197"
Sickerbeläge,Chaussierung,oberflaechentemperatur,Oberflächentemperatur,-1.5,0.9835796387520526,0.075,0.07376847290640394
Sickerbeläge,Kiesrasen,oberflaechentemperatur,Oberflächentemperatur,-1.0,0.9753694581280788,0.075,0.07315270935960591
Sickerbeläge,Rasengittersteine,oberflaechentemperatur,Oberflächentemperatur,-1.5,0.9835796387520526,0.075,0.07376847290640394
,,oberflaechentemperatur,Oberflächentemperatur,,,0.075,
,,oberflaechentemperatur,Oberflächentemperatur,,,0.075,
,,oberflaechentemperatur,Oberflächentemperatur,,,0.075,
"Herleitung,""Quellen: Stadt Zürich 2022 - Grobökobilanz von Freiraumelementen, Schwammstadt Labor Zürich et al. 2025, KBOB v7.0, Xu 2018, Yan 2025, Wan 2023, Kappel (2016) - Angewandter Strassenbau"",oberflaechentemperatur,Oberflächentemperatur,,,0.075,"
"Lebensdauer,""Die Lebensdauer der Beläge wurde in Anlehnung an die Grobökobilanz von Freiraumelementen (Stadt Zürich, 2022) sowie die KBOB-Ökobilanzdaten 2009/1:2022 (v7.0) definiert. Ergänzende Werte zu innovativen Asphalt- und Pflasterbelägen wurden aus Xu (2018) und Yan (2025) übernommen, die die erhöhte Lebensdauer temperatur- und bindemitteloptimierter Mischungen belegen. Für ungebundene und sickerfähige Beläge wurden kürzere Nutzungszeiten nach empirischen Beobachtungen des Schwammstadt Labors Zürich et al. (2025) angesetzt. "",oberflaechentemperatur,Oberflächentemperatur,,,0.075,"
"Versickerungsleistung [ψ],""Abflussbeiwert: ψ = 1 → kein Wasser versickert, ψ = 0 → alles Wasser versickert, ψ = 0.6→ 60% Oberflächenabfluss, 40% Versickerung, nach SIA 190:2017 und DWA-A138 (Schweiz/Deutschland), Abgeleitet von Schwammstadt Labor Zürich et al. 2025 und Stadt Zürich 2022 - Grobökobilanz von Freiraumelementen"",oberflaechentemperatur,Oberflächentemperatur,,,0.075,"
"Multifunktionalität - Oberflächentemperatur [°C] ,""Die  Oberflächentemperaturen wurden aus Simulationen und Feldmessungen der Stadt Zürich (2022) - Grobökobilanz von Freiraumelementen und Xu (2018) abgeleitet, ergänzt durch Werte aus Yan (2025) zur thermischen Reflexion heller Asphaltmischungen. Als Referenzwert galt der Oberflechentemperaturwert von Asphalt von 58.4°C"",oberflaechentemperatur,Oberflächentemperatur,,,0.075,"
"Multifunktionalität - Befahrbarkeit,""sehr gut= uneingeschränkt PKW und LKW,gut = PKW, gelegentlich LKW, eingeschränkt = gelegentlich PKW und LKW, keine Dauerbelastung, nicht befahrbar = nicht für PKW und LKW, abgleitet von Stadt Zürich 2022 - Grobökobilanz von Freiraumelementen, Schwammstadt Labor Zürich et al. 202 "",oberflaechentemperatur,Oberflächentemperatur,,,0.075,"
"Kosten [CHF/m²],""Angaben aus Stadt Zürich 2022 - Grobökobilanz von Freiraumelementen, verifiziert Schwammstadt Labor Zürich et al. 2025 und Kappel (2016)"",oberflaechentemperatur,Oberflächentemperatur,,,0.075,"
"Unterhaltskosten [CHF/m²a],""Angaben aus Stadt Zürich 2022 - Grobökobilanz von Freiraumelementen, verifiziert Schwammstadt Labor Zürich et al. 2025 und Kappel (2016)"",oberflaechentemperatur,Oberflächentemperatur,,,0.075,"
"Ökobilanz - CO₂-Emissionen [kg CO₂-eq/m²],""Treibhausgasemissionen für Herstellung (inkl. Transport, Bindemittel etc.), Kennwerte aus KBOB-Datensatz v7.0 (2024) - Oekobilanzdaten_Baubereich, Energie- und Treibhausgaswerte für CH-Mix, verifiziert mit Stadt Zürich 2022 - Grobökobilanz von Freiraumelementen"",oberflaechentemperatur,Oberflächentemperatur,,,0.075,"
"Ökobilanz - Graue Energie [kWh/m²],""nicht-erneuerbare Primärenergiebedarf bei Herstellung, Kennwerte aus Kennwerte aus KBOB-Datensatz v7.0 (2024) - Oekobilanzdaten_Baubereich, verifiziert mit Stadt Zürich 2022 - Grobökobilanz von Freiraumelementen"",oberflaechentemperatur,Oberflächentemperatur,,,0.075,"
"Recyclingfähigkeit [%],""Die qualitative Einstufung der Recyclingfähigkeit basiert auf den Angaben zur Rückbaubarkeit und Wiederverwendung in der Grobökobilanz von Freiraumelementen (Stadt Zürich, 2022) - Grobökobilanz von Freiraumelementen, Schwammstadt Labor Zürich et al. 2025."
Ergänzend wurden technische Grundlagen zur Wiederverwertung und Materialtrennung aus Kappel (2016) berücksichtigt.
"Beläge werden in die Kategorien hoch, mittel und gering eingeteilt."",oberflaechentemperatur,Oberflächentemperatur,,,0.075,"
"Lokale Materialien [%],""Der Anteil lokaler Materialien wurde qualitativ bewertet. Dabei wird zwischen „meist lokal“ (> 80 %), „teilweise lokal“ (40–80 %) und „meist importiert“ (< 40 %) unterschieden. Diese Einstufung orientiert sich an den Beschreibungen der Materialherkunft in der Grobökobilanz von Freiraumelementen (Stadt Zürich, 2022), den Materialanalysen von Kappel (2016) und den Beobachtungen des Schwammstadt Labors Zürich (2025)."",oberflaechentemperatur,Oberflächentemperatur,,,0.075,"
"Modulare Erneuerbarkeit,""ja = einzelne Module (Steine) austauschbar, nein = keine modulare Erneuerung möglich. Pflaster- und Sickerbeläge gelten als modular erneuerbar (Austausch einzelner Elemente), während Asphaltbeläge in der Regel vollflächig ersetzt werden müssen, eigene Einschätzung"",oberflaechentemperatur,Oberflächentemperatur,,,0.075,"
"Barierefreiheit,""hoch = eben, fugenlos, rollstuhlgängig, kinderwagenfreundlich, mässig = leichte Einschränkungen durch Fugen, Unebenheiten oder Vegetation, eingeschränkt rollstuhltauglich, niedrig = nicht barrierefrei, lose Beläge oder starke Unebenheiten, eigen Einschätzung und Ableitung von Stadt Zürich 2022 - Grobökobilanz von Freiraumelementen, Schwammstadt Labor Zürich et al. 2025"",oberflaechentemperatur,Oberflächentemperatur,,,0.075,"
Asphalt,Recyclingasphalt,befahrbarkeit,Befahrbarkeit,1.0,1.0,0.05,0.05
Asphalt,Sickerasphalt,befahrbarkeit,Befahrbarkeit,0.3,0.3,0.05,0.015
Asphalt,Heller Asphalt,befahrbarkeit,Befahrbarkeit,1.0,1.0,0.05,0.05
Asphalt,Selbstheilender Asphalt,befahrbarkeit,Befahrbarkeit,1.0,1.0,0.05,0.05
Pflaster,Natursteinpflaster (6-10 mm Fugen),befahrbarkeit,Befahrbarkeit,0.3,0.3,0.05,0.015
"Pflaster,""Betonpflastersteine (geschlossen, 2-4 mm Fugen)"",befahrbarkeit,Befahrbarkeit,0.8,0.8,0.05,0.04000000000000001"
"Pflaster,""Ökopflaster (sickerfähig, 6-10 mm Fugen)"",befahrbarkeit,Befahrbarkeit,0.3,0.3,0.05,0.015"
Sickerbeläge,Chaussierung,befahrbarkeit,Befahrbarkeit,0.0,0.0,0.05,0.0
Sickerbeläge,Kiesrasen,befahrbarkeit,Befahrbarkeit,0.3,0.3,0.05,0.015
Sickerbeläge,Rasengittersteine,befahrbarkeit,Befahrbarkeit,0.3,0.3,0.05,0.015
,,befahrbarkeit,Befahrbarkeit,,,0.05,
,,befahrbarkeit,Befahrbarkeit,,,0.05,
,,befahrbarkeit,Befahrbarkeit,,,0.05,
"Herleitung,""Quellen: Stadt Zürich 2022 - Grobökobilanz von Freiraumelementen, Schwammstadt Labor Zürich et al. 2025, KBOB v7.0, Xu 2018, Yan 2025, Wan 2023, Kappel (2016) - Angewandter Strassenbau"",befahrbarkeit,Befahrbarkeit,,,0.05,"
"Lebensdauer,""Die Lebensdauer der Beläge wurde in Anlehnung an die Grobökobilanz von Freiraumelementen (Stadt Zürich, 2022) sowie die KBOB-Ökobilanzdaten 2009/1:2022 (v7.0) definiert. Ergänzende Werte zu innovativen Asphalt- und Pflasterbelägen wurden aus Xu (2018) und Yan (2025) übernommen, die die erhöhte Lebensdauer temperatur- und bindemitteloptimierter Mischungen belegen. Für ungebundene und sickerfähige Beläge wurden kürzere Nutzungszeiten nach empirischen Beobachtungen des Schwammstadt Labors Zürich et al. (2025) angesetzt. "",befahrbarkeit,Befahrbarkeit,,,0.05,"
"Versickerungsleistung [ψ],""Abflussbeiwert: ψ = 1 → kein Wasser versickert, ψ = 0 → alles Wasser versickert, ψ = 0.6→ 60% Oberflächenabfluss, 40% Versickerung, nach SIA 190:2017 und DWA-A138 (Schweiz/Deutschland), Abgeleitet von Schwammstadt Labor Zürich et al. 2025 und Stadt Zürich 2022 - Grobökobilanz von Freiraumelementen"",befahrbarkeit,Befahrbarkeit,,,0.05,"
"Multifunktionalität - Oberflächentemperatur [°C] ,""Die  Oberflächentemperaturen wurden aus Simulationen und Feldmessungen der Stadt Zürich (2022) - Grobökobilanz von Freiraumelementen und Xu (2018) abgeleitet, ergänzt durch Werte aus Yan (2025) zur thermischen Reflexion heller Asphaltmischungen. Als Referenzwert galt der Oberflechentemperaturwert von Asphalt von 58.4°C"",befahrbarkeit,Befahrbarkeit,,,0.05,"
"Multifunktionalität - Befahrbarkeit,""sehr gut= uneingeschränkt PKW und LKW,gut = PKW, gelegentlich LKW, eingeschränkt = gelegentlich PKW und LKW, keine Dauerbelastung, nicht befahrbar = nicht für PKW und LKW, abgleitet von Stadt Zürich 2022 - Grobökobilanz von Freiraumelementen, Schwammstadt Labor Zürich et al. 202 "",befahrbarkeit,Befahrbarkeit,,,0.05,"
"Kosten [CHF/m²],""Angaben aus Stadt Zürich 2022 - Grobökobilanz von Freiraumelementen, verifiziert Schwammstadt Labor Zürich et al. 2025 und Kappel (2016)"",befahrbarkeit,Befahrbarkeit,,,0.05,"
"Unterhaltskosten [CHF/m²a],""Angaben aus Stadt Zürich 2022 - Grobökobilanz von Freiraumelementen, verifiziert Schwammstadt Labor Zürich et al. 2025 und Kappel (2016)"",befahrbarkeit,Befahrbarkeit,,,0.05,"
"Ökobilanz - CO₂-Emissionen [kg CO₂-eq/m²],""Treibhausgasemissionen für Herstellung (inkl. Transport, Bindemittel etc.), Kennwerte aus KBOB-Datensatz v7.0 (2024) - Oekobilanzdaten_Baubereich, Energie- und Treibhausgaswerte für CH-Mix, verifiziert mit Stadt Zürich 2022 - Grobökobilanz von Freiraumelementen"",befahrbarkeit,Befahrbarkeit,,,0.05,"
"Ökobilanz - Graue Energie [kWh/m²],""nicht-erneuerbare Primärenergiebedarf bei Herstellung, Kennwerte aus Kennwerte aus KBOB-Datensatz v7.0 (2024) - Oekobilanzdaten_Baubereich, verifiziert mit Stadt Zürich 2022 - Grobökobilanz von Freiraumelementen"",befahrbarkeit,Befahrbarkeit,,,0.05,"
"Recyclingfähigkeit [%],""Die qualitative Einstufung der Recyclingfähigkeit basiert auf den Angaben zur Rückbaubarkeit und Wiederverwendung in der Grobökobilanz von Freiraumelementen (Stadt Zürich, 2022) - Grobökobilanz von Freiraumelementen, Schwammstadt Labor Zürich et al. 2025."
Ergänzend wurden technische Grundlagen zur Wiederverwertung und Materialtrennung aus Kappel (2016) berücksichtigt.
"Beläge werden in die Kategorien hoch, mittel und gering eingeteilt."",befahrbarkeit,Befahrbarkeit,,,0.05,"
"Lokale Materialien [%],""Der Anteil lokaler Materialien wurde qualitativ bewertet. Dabei wird zwischen „meist lokal“ (> 80 %), „teilweise lokal“ (40–80 %) und „meist importiert“ (< 40 %) unterschieden. Diese Einstufung orientiert sich an den Beschreibungen der Materialherkunft in der Grobökobilanz von Freiraumelementen (Stadt Zürich, 2022), den Materialanalysen von Kappel (2016) und den Beobachtungen des Schwammstadt Labors Zürich (2025)."",befahrbarkeit,Befahrbarkeit,,,0.05,"
"Modulare Erneuerbarkeit,""ja = einzelne Module (Steine) austauschbar, nein = keine modulare Erneuerung möglich. Pflaster- und Sickerbeläge gelten als modular erneuerbar (Austausch einzelner Elemente), während Asphaltbeläge in der Regel vollflächig ersetzt werden müssen, eigene Einschätzung"",befahrbarkeit,Befahrbarkeit,,,0.05,"
"Barierefreiheit,""hoch = eben, fugenlos, rollstuhlgängig, kinderwagenfreundlich, mässig = leichte Einschränkungen durch Fugen, Unebenheiten oder Vegetation, eingeschränkt rollstuhltauglich, niedrig = nicht barrierefrei, lose Beläge oder starke Unebenheiten, eigen Einschätzung und Ableitung von Stadt Zürich 2022 - Grobökobilanz von Freiraumelementen, Schwammstadt Labor Zürich et al. 2025"",befahrbarkeit,Befahrbarkeit,,,0.05,"
Asphalt,Recyclingasphalt,barrierefreiheit,Barrierefreiheit,1.0,1.0,0.05,0.05
Asphalt,Sickerasphalt,barrierefreiheit,Barrierefreiheit,0.5,0.37499999999999994,0.05,0.01875
Asphalt,Heller Asphalt,barrierefreiheit,Barrierefreiheit,1.0,1.0,0.05,0.05
Asphalt,Selbstheilender Asphalt,barrierefreiheit,Barrierefreiheit,1.0,1.0,0.05,0.05
Pflaster,Natursteinpflaster (6-10 mm Fugen),barrierefreiheit,Barrierefreiheit,0.5,0.37499999999999994,0.05,0.01875
"Pflaster,""Betonpflastersteine (geschlossen, 2-4 mm Fugen)"",barrierefreiheit,Barrierefreiheit,1.0,1.0,0.05,0.05"
"Pflaster,""Ökopflaster (sickerfähig, 6-10 mm Fugen)"",barrierefreiheit,Barrierefreiheit,0.5,0.37499999999999994,0.05,0.01875"
Sickerbeläge,Chaussierung,barrierefreiheit,Barrierefreiheit,0.2,0.0,0.05,0.0
Sickerbeläge,Kiesrasen,barrierefreiheit,Barrierefreiheit,0.2,0.0,0.05,0.0
Sickerbeläge,Rasengittersteine,barrierefreiheit,Barrierefreiheit,0.5,0.37499999999999994,0.05,0.01875
,,barrierefreiheit,Barrierefreiheit,,,0.05,
,,barrierefreiheit,Barrierefreiheit,,,0.05,
,,barrierefreiheit,Barrierefreiheit,,,0.05,
"Herleitung,""Quellen: Stadt Zürich 2022 - Grobökobilanz von Freiraumelementen, Schwammstadt Labor Zürich et al. 2025, KBOB v7.0, Xu 2018, Yan 2025, Wan 2023, Kappel (2016) - Angewandter Strassenbau"",barrierefreiheit,Barrierefreiheit,,,0.05,"
"Lebensdauer,""Die Lebensdauer der Beläge wurde in Anlehnung an die Grobökobilanz von Freiraumelementen (Stadt Zürich, 2022) sowie die KBOB-Ökobilanzdaten 2009/1:2022 (v7.0) definiert. Ergänzende Werte zu innovativen Asphalt- und Pflasterbelägen wurden aus Xu (2018) und Yan (2025) übernommen, die die erhöhte Lebensdauer temperatur- und bindemitteloptimierter Mischungen belegen. Für ungebundene und sickerfähige Beläge wurden kürzere Nutzungszeiten nach empirischen Beobachtungen des Schwammstadt Labors Zürich et al. (2025) angesetzt. "",barrierefreiheit,Barrierefreiheit,,,0.05,"
"Versickerungsleistung [ψ],""Abflussbeiwert: ψ = 1 → kein Wasser versickert, ψ = 0 → alles Wasser versickert, ψ = 0.6→ 60% Oberflächenabfluss, 40% Versickerung, nach SIA 190:2017 und DWA-A138 (Schweiz/Deutschland), Abgeleitet von Schwammstadt Labor Zürich et al. 2025 und Stadt Zürich 2022 - Grobökobilanz von Freiraumelementen"",barrierefreiheit,Barrierefreiheit,,,0.05,"
"Multifunktionalität - Oberflächentemperatur [°C] ,""Die  Oberflächentemperaturen wurden aus Simulationen und Feldmessungen der Stadt Zürich (2022) - Grobökobilanz von Freiraumelementen und Xu (2018) abgeleitet, ergänzt durch Werte aus Yan (2025) zur thermischen Reflexion heller Asphaltmischungen. Als Referenzwert galt der Oberflechentemperaturwert von Asphalt von 58.4°C"",barrierefreiheit,Barrierefreiheit,,,0.05,"
"Multifunktionalität - Befahrbarkeit,""sehr gut= uneingeschränkt PKW und LKW,gut = PKW, gelegentlich LKW, eingeschränkt = gelegentlich PKW und LKW, keine Dauerbelastung, nicht befahrbar = nicht für PKW und LKW, abgleitet von Stadt Zürich 2022 - Grobökobilanz von Freiraumelementen, Schwammstadt Labor Zürich et al. 202 "",barrierefreiheit,Barrierefreiheit,,,0.05,"
"Kosten [CHF/m²],""Angaben aus Stadt Zürich 2022 - Grobökobilanz von Freiraumelementen, verifiziert Schwammstadt Labor Zürich et al. 2025 und Kappel (2016)"",barrierefreiheit,Barrierefreiheit,,,0.05,"
"Unterhaltskosten [CHF/m²a],""Angaben aus Stadt Zürich 2022 - Grobökobilanz von Freiraumelementen, verifiziert Schwammstadt Labor Zürich et al. 2025 und Kappel (2016)"",barrierefreiheit,Barrierefreiheit,,,0.05,"
"Ökobilanz - CO₂-Emissionen [kg CO₂-eq/m²],""Treibhausgasemissionen für Herstellung (inkl. Transport, Bindemittel etc.), Kennwerte aus KBOB-Datensatz v7.0 (2024) - Oekobilanzdaten_Baubereich, Energie- und Treibhausgaswerte für CH-Mix, verifiziert mit Stadt Zürich 2022 - Grobökobilanz von Freiraumelementen"",barrierefreiheit,Barrierefreiheit,,,0.05,"
"Ökobilanz - Graue Energie [kWh/m²],""nicht-erneuerbare Primärenergiebedarf bei Herstellung, Kennwerte aus Kennwerte aus KBOB-Datensatz v7.0 (2024) - Oekobilanzdaten_Baubereich, verifiziert mit Stadt Zürich 2022 - Grobökobilanz von Freiraumelementen"",barrierefreiheit,Barrierefreiheit,,,0.05,"
"Recyclingfähigkeit [%],""Die qualitative Einstufung der Recyclingfähigkeit basiert auf den Angaben zur Rückbaubarkeit und Wiederverwendung in der Grobökobilanz von Freiraumelementen (Stadt Zürich, 2022) - Grobökobilanz von Freiraumelementen, Schwammstadt Labor Zürich et al. 2025."
Ergänzend wurden technische Grundlagen zur Wiederverwertung und Materialtrennung aus Kappel (2016) berücksichtigt.
"Beläge werden in die Kategorien hoch, mittel und gering eingeteilt."",barrierefreiheit,Barrierefreiheit,,,0.05,"
"Lokale Materialien [%],""Der Anteil lokaler Materialien wurde qualitativ bewertet. Dabei wird zwischen „meist lokal“ (> 80 %), „teilweise lokal“ (40–80 %) und „meist importiert“ (< 40 %) unterschieden. Diese Einstufung orientiert sich an den Beschreibungen der Materialherkunft in der Grobökobilanz von Freiraumelementen (Stadt Zürich, 2022), den Materialanalysen von Kappel (2016) und den Beobachtungen des Schwammstadt Labors Zürich (2025)."",barrierefreiheit,Barrierefreiheit,,,0.05,"
"Modulare Erneuerbarkeit,""ja = einzelne Module (Steine) austauschbar, nein = keine modulare Erneuerung möglich. Pflaster- und Sickerbeläge gelten als modular erneuerbar (Austausch einzelner Elemente), während Asphaltbeläge in der Regel vollflächig ersetzt werden müssen, eigene Einschätzung"",barrierefreiheit,Barrierefreiheit,,,0.05,"
"Barierefreiheit,""hoch = eben, fugenlos, rollstuhlgängig, kinderwagenfreundlich, mässig = leichte Einschränkungen durch Fugen, Unebenheiten oder Vegetation, eingeschränkt rollstuhltauglich, niedrig = nicht barrierefrei, lose Beläge oder starke Unebenheiten, eigen Einschätzung und Ableitung von Stadt Zürich 2022 - Grobökobilanz von Freiraumelementen, Schwammstadt Labor Zürich et al. 2025"",barrierefreiheit,Barrierefreiheit,,,0.05,"
Asphalt,Recyclingasphalt,recyclingfaehigkeit,Recyclingfähigkeit,,,0.08,
Asphalt,Sickerasphalt,recyclingfaehigkeit,Recyclingfähigkeit,,,0.08,
Asphalt,Heller Asphalt,recyclingfaehigkeit,Recyclingfähigkeit,,,0.08,
Asphalt,Selbstheilender Asphalt,recyclingfaehigkeit,Recyclingfähigkeit,,,0.08,
Pflaster,Natursteinpflaster (6-10 mm Fugen),recyclingfaehigkeit,Recyclingfähigkeit,,,0.08,
"Pflaster,""Betonpflastersteine (geschlossen, 2-4 mm Fugen)"",recyclingfaehigkeit,Recyclingfähigkeit,,,0.08,"
"Pflaster,""Ökopflaster (sickerfähig, 6-10 mm Fugen)"",recyclingfaehigkeit,Recyclingfähigkeit,,,0.08,"
Sickerbeläge,Chaussierung,recyclingfaehigkeit,Recyclingfähigkeit,,,0.08,
Sickerbeläge,Kiesrasen,recyclingfaehigkeit,Recyclingfähigkeit,,,0.08,
Sickerbeläge,Rasengittersteine,recyclingfaehigkeit,Recyclingfähigkeit,,,0.08,
,,recyclingfaehigkeit,Recyclingfähigkeit,,,0.08,
,,recyclingfaehigkeit,Recyclingfähigkeit,,,0.08,
,,recyclingfaehigkeit,Recyclingfähigkeit,,,0.08,
"Herleitung,""Quellen: Stadt Zürich 2022 - Grobökobilanz von Freiraumelementen, Schwammstadt Labor Zürich et al. 2025, KBOB v7.0, Xu 2018, Yan 2025, Wan 2023, Kappel (2016) - Angewandter Strassenbau"",recyclingfaehigkeit,Recyclingfähigkeit,,,0.08,"
"Lebensdauer,""Die Lebensdauer der Beläge wurde in Anlehnung an die Grobökobilanz von Freiraumelementen (Stadt Zürich, 2022) sowie die KBOB-Ökobilanzdaten 2009/1:2022 (v7.0) definiert. Ergänzende Werte zu innovativen Asphalt- und Pflasterbelägen wurden aus Xu (2018) und Yan (2025) übernommen, die die erhöhte Lebensdauer temperatur- und bindemitteloptimierter Mischungen belegen. Für ungebundene und sickerfähige Beläge wurden kürzere Nutzungszeiten nach empirischen Beobachtungen des Schwammstadt Labors Zürich et al. (2025) angesetzt. "",recyclingfaehigkeit,Recyclingfähigkeit,,,0.08,"
"Versickerungsleistung [ψ],""Abflussbeiwert: ψ = 1 → kein Wasser versickert, ψ = 0 → alles Wasser versickert, ψ = 0.6→ 60% Oberflächenabfluss, 40% Versickerung, nach SIA 190:2017 und DWA-A138 (Schweiz/Deutschland), Abgeleitet von Schwammstadt Labor Zürich et al. 2025 und Stadt Zürich 2022 - Grobökobilanz von Freiraumelementen"",recyclingfaehigkeit,Recyclingfähigkeit,,,0.08,"
"Multifunktionalität - Oberflächentemperatur [°C] ,""Die  Oberflächentemperaturen wurden aus Simulationen und Feldmessungen der Stadt Zürich (2022) - Grobökobilanz von Freiraumelementen und Xu (2018) abgeleitet, ergänzt durch Werte aus Yan (2025) zur thermischen Reflexion heller Asphaltmischungen. Als Referenzwert galt der Oberflechentemperaturwert von Asphalt von 58.4°C"",recyclingfaehigkeit,Recyclingfähigkeit,,,0.08,"
"Multifunktionalität - Befahrbarkeit,""sehr gut= uneingeschränkt PKW und LKW,gut = PKW, gelegentlich LKW, eingeschränkt = gelegentlich PKW und LKW, keine Dauerbelastung, nicht befahrbar = nicht für PKW und LKW, abgleitet von Stadt Zürich 2022 - Grobökobilanz von Freiraumelementen, Schwammstadt Labor Zürich et al. 202 "",recyclingfaehigkeit,Recyclingfähigkeit,,,0.08,"
"Kosten [CHF/m²],""Angaben aus Stadt Zürich 2022 - Grobökobilanz von Freiraumelementen, verifiziert Schwammstadt Labor Zürich et al. 2025 und Kappel (2016)"",recyclingfaehigkeit,Recyclingfähigkeit,,,0.08,"
"Unterhaltskosten [CHF/m²a],""Angaben aus Stadt Zürich 2022 - Grobökobilanz von Freiraumelementen, verifiziert Schwammstadt Labor Zürich et al. 2025 und Kappel (2016)"",recyclingfaehigkeit,Recyclingfähigkeit,,,0.08,"
"Ökobilanz - CO₂-Emissionen [kg CO₂-eq/m²],""Treibhausgasemissionen für Herstellung (inkl. Transport, Bindemittel etc.), Kennwerte aus KBOB-Datensatz v7.0 (2024) - Oekobilanzdaten_Baubereich, Energie- und Treibhausgaswerte für CH-Mix, verifiziert mit Stadt Zürich 2022 - Grobökobilanz von Freiraumelementen"",recyclingfaehigkeit,Recyclingfähigkeit,,,0.08,"
"Ökobilanz - Graue Energie [kWh/m²],""nicht-erneuerbare Primärenergiebedarf bei Herstellung, Kennwerte aus Kennwerte aus KBOB-Datensatz v7.0 (2024) - Oekobilanzdaten_Baubereich, verifiziert mit Stadt Zürich 2022 - Grobökobilanz von Freiraumelementen"",recyclingfaehigkeit,Recyclingfähigkeit,,,0.08,"
"Recyclingfähigkeit [%],""Die qualitative Einstufung der Recyclingfähigkeit basiert auf den Angaben zur Rückbaubarkeit und Wiederverwendung in der Grobökobilanz von Freiraumelementen (Stadt Zürich, 2022) - Grobökobilanz von Freiraumelementen, Schwammstadt Labor Zürich et al. 2025."
Ergänzend wurden technische Grundlagen zur Wiederverwertung und Materialtrennung aus Kappel (2016) berücksichtigt.
"Beläge werden in die Kategorien hoch, mittel und gering eingeteilt."",recyclingfaehigkeit,Recyclingfähigkeit,,,0.08,"
"Lokale Materialien [%],""Der Anteil lokaler Materialien wurde qualitativ bewertet. Dabei wird zwischen „meist lokal“ (> 80 %), „teilweise lokal“ (40–80 %) und „meist importiert“ (< 40 %) unterschieden. Diese Einstufung orientiert sich an den Beschreibungen der Materialherkunft in der Grobökobilanz von Freiraumelementen (Stadt Zürich, 2022), den Materialanalysen von Kappel (2016) und den Beobachtungen des Schwammstadt Labors Zürich (2025)."",recyclingfaehigkeit,Recyclingfähigkeit,,,0.08,"
"Modulare Erneuerbarkeit,""ja = einzelne Module (Steine) austauschbar, nein = keine modulare Erneuerung möglich. Pflaster- und Sickerbeläge gelten als modular erneuerbar (Austausch einzelner Elemente), während Asphaltbeläge in der Regel vollflächig ersetzt werden müssen, eigene Einschätzung"",recyclingfaehigkeit,Recyclingfähigkeit,,,0.08,"
"Barierefreiheit,""hoch = eben, fugenlos, rollstuhlgängig, kinderwagenfreundlich, mässig = leichte Einschränkungen durch Fugen, Unebenheiten oder Vegetation, eingeschränkt rollstuhltauglich, niedrig = nicht barrierefrei, lose Beläge oder starke Unebenheiten, eigen Einschätzung und Ableitung von Stadt Zürich 2022 - Grobökobilanz von Freiraumelementen, Schwammstadt Labor Zürich et al. 2025"",recyclingfaehigkeit,Recyclingfähigkeit,,,0.08,"
Asphalt,Recyclingasphalt,lokale_materialien,Lokale Materialien,-20.0,0.0,0.06,0.0
Asphalt,Sickerasphalt,lokale_materialien,Lokale Materialien,-20.0,0.0,0.06,0.0
Asphalt,Heller Asphalt,lokale_materialien,Lokale Materialien,40.0,0.6,0.06,0.036
Asphalt,Selbstheilender Asphalt,lokale_materialien,Lokale Materialien,40.0,0.6,0.06,0.036
Pflaster,Natursteinpflaster (6-10 mm Fugen),lokale_materialien,Lokale Materialien,80.0,1.0,0.06,0.06
"Pflaster,""Betonpflastersteine (geschlossen, 2-4 mm Fugen)"",lokale_materialien,Lokale Materialien,-20.0,0.0,0.06,0.0"
"Pflaster,""Ökopflaster (sickerfähig, 6-10 mm Fugen)"",lokale_materialien,Lokale Materialien,-20.0,0.0,0.06,0.0"
Sickerbeläge,Chaussierung,lokale_materialien,Lokale Materialien,80.0,1.0,0.06,0.06
Sickerbeläge,Kiesrasen,lokale_materialien,Lokale Materialien,80.0,1.0,0.06,0.06
Sickerbeläge,Rasengittersteine,lokale_materialien,Lokale Materialien,80.0,1.0,0.06,0.06
,,lokale_materialien,Lokale Materialien,,,0.06,
,,lokale_materialien,Lokale Materialien,,,0.06,
,,lokale_materialien,Lokale Materialien,,,0.06,
"Herleitung,""Quellen: Stadt Zürich 2022 - Grobökobilanz von Freiraumelementen, Schwammstadt Labor Zürich et al. 2025, KBOB v7.0, Xu 2018, Yan 2025, Wan 2023, Kappel (2016) - Angewandter Strassenbau"",lokale_materialien,Lokale Materialien,,,0.06,"
"Lebensdauer,""Die Lebensdauer der Beläge wurde in Anlehnung an die Grobökobilanz von Freiraumelementen (Stadt Zürich, 2022) sowie die KBOB-Ökobilanzdaten 2009/1:2022 (v7.0) definiert. Ergänzende Werte zu innovativen Asphalt- und Pflasterbelägen wurden aus Xu (2018) und Yan (2025) übernommen, die die erhöhte Lebensdauer temperatur- und bindemitteloptimierter Mischungen belegen. Für ungebundene und sickerfähige Beläge wurden kürzere Nutzungszeiten nach empirischen Beobachtungen des Schwammstadt Labors Zürich et al. (2025) angesetzt. "",lokale_materialien,Lokale Materialien,,,0.06,"
"Versickerungsleistung [ψ],""Abflussbeiwert: ψ = 1 → kein Wasser versickert, ψ = 0 → alles Wasser versickert, ψ = 0.6→ 60% Oberflächenabfluss, 40% Versickerung, nach SIA 190:2017 und DWA-A138 (Schweiz/Deutschland), Abgeleitet von Schwammstadt Labor Zürich et al. 2025 und Stadt Zürich 2022 - Grobökobilanz von Freiraumelementen"",lokale_materialien,Lokale Materialien,,,0.06,"
"Multifunktionalität - Oberflächentemperatur [°C] ,""Die  Oberflächentemperaturen wurden aus Simulationen und Feldmessungen der Stadt Zürich (2022) - Grobökobilanz von Freiraumelementen und Xu (2018) abgeleitet, ergänzt durch Werte aus Yan (2025) zur thermischen Reflexion heller Asphaltmischungen. Als Referenzwert galt der Oberflechentemperaturwert von Asphalt von 58.4°C"",lokale_materialien,Lokale Materialien,,,0.06,"
"Multifunktionalität - Befahrbarkeit,""sehr gut= uneingeschränkt PKW und LKW,gut = PKW, gelegentlich LKW, eingeschränkt = gelegentlich PKW und LKW, keine Dauerbelastung, nicht befahrbar = nicht für PKW und LKW, abgleitet von Stadt Zürich 2022 - Grobökobilanz von Freiraumelementen, Schwammstadt Labor Zürich et al. 202 "",lokale_materialien,Lokale Materialien,,,0.06,"
"Kosten [CHF/m²],""Angaben aus Stadt Zürich 2022 - Grobökobilanz von Freiraumelementen, verifiziert Schwammstadt Labor Zürich et al. 2025 und Kappel (2016)"",lokale_materialien,Lokale Materialien,,,0.06,"
"Unterhaltskosten [CHF/m²a],""Angaben aus Stadt Zürich 2022 - Grobökobilanz von Freiraumelementen, verifiziert Schwammstadt Labor Zürich et al. 2025 und Kappel (2016)"",lokale_materialien,Lokale Materialien,,,0.06,"
"Ökobilanz - CO₂-Emissionen [kg CO₂-eq/m²],""Treibhausgasemissionen für Herstellung (inkl. Transport, Bindemittel etc.), Kennwerte aus KBOB-Datensatz v7.0 (2024) - Oekobilanzdaten_Baubereich, Energie- und Treibhausgaswerte für CH-Mix, verifiziert mit Stadt Zürich 2022 - Grobökobilanz von Freiraumelementen"",lokale_materialien,Lokale Materialien,,,0.06,"
"Ökobilanz - Graue Energie [kWh/m²],""nicht-erneuerbare Primärenergiebedarf bei Herstellung, Kennwerte aus Kennwerte aus KBOB-Datensatz v7.0 (2024) - Oekobilanzdaten_Baubereich, verifiziert mit Stadt Zürich 2022 - Grobökobilanz von Freiraumelementen"",lokale_materialien,Lokale Materialien,,,0.06,"
"Recyclingfähigkeit [%],""Die qualitative Einstufung der Recyclingfähigkeit basiert auf den Angaben zur Rückbaubarkeit und Wiederverwendung in der Grobökobilanz von Freiraumelementen (Stadt Zürich, 2022) - Grobökobilanz von Freiraumelementen, Schwammstadt Labor Zürich et al. 2025."
Ergänzend wurden technische Grundlagen zur Wiederverwertung und Materialtrennung aus Kappel (2016) berücksichtigt.
"Beläge werden in die Kategorien hoch, mittel und gering eingeteilt."",lokale_materialien,Lokale Materialien,,,0.06,"
"Lokale Materialien [%],""Der Anteil lokaler Materialien wurde qualitativ bewertet. Dabei wird zwischen „meist lokal“ (> 80 %), „teilweise lokal“ (40–80 %) und „meist importiert“ (< 40 %) unterschieden. Diese Einstufung orientiert sich an den Beschreibungen der Materialherkunft in der Grobökobilanz von Freiraumelementen (Stadt Zürich, 2022), den Materialanalysen von Kappel (2016) und den Beobachtungen des Schwammstadt Labors Zürich (2025)."",lokale_materialien,Lokale Materialien,,,0.06,"
"Modulare Erneuerbarkeit,""ja = einzelne Module (Steine) austauschbar, nein = keine modulare Erneuerung möglich. Pflaster- und Sickerbeläge gelten als modular erneuerbar (Austausch einzelner Elemente), während Asphaltbeläge in der Regel vollflächig ersetzt werden müssen, eigene Einschätzung"",lokale_materialien,Lokale Materialien,,,0.06,"
"Barierefreiheit,""hoch = eben, fugenlos, rollstuhlgängig, kinderwagenfreundlich, mässig = leichte Einschränkungen durch Fugen, Unebenheiten oder Vegetation, eingeschränkt rollstuhltauglich, niedrig = nicht barrierefrei, lose Beläge oder starke Unebenheiten, eigen Einschätzung und Ableitung von Stadt Zürich 2022 - Grobökobilanz von Freiraumelementen, Schwammstadt Labor Zürich et al. 2025"",lokale_materialien,Lokale Materialien,,,0.06,"
Asphalt,Recyclingasphalt,modulare_erneuerbarkeit,Modulare Erneuerbarkeit,0.0,0.0,0.06,0.0
Asphalt,Sickerasphalt,modulare_erneuerbarkeit,Modulare Erneuerbarkeit,0.0,0.0,0.06,0.0
Asphalt,Heller Asphalt,modulare_erneuerbarkeit,Modulare Erneuerbarkeit,0.0,0.0,0.06,0.0
Asphalt,Selbstheilender Asphalt,modulare_erneuerbarkeit,Modulare Erneuerbarkeit,0.0,0.0,0.06,0.0
Pflaster,Natursteinpflaster (6-10 mm Fugen),modulare_erneuerbarkeit,Modulare Erneuerbarkeit,1.0,1.0,0.06,0.06
"Pflaster,""Betonpflastersteine (geschlossen, 2-4 mm Fugen)"",modulare_erneuerbarkeit,Modulare Erneuerbarkeit,1.0,1.0,0.06,0.06"
"Pflaster,""Ökopflaster (sickerfähig, 6-10 mm Fugen)"",modulare_erneuerbarkeit,Modulare Erneuerbarkeit,1.0,1.0,0.06,0.06"
Sickerbeläge,Chaussierung,modulare_erneuerbarkeit,Modulare Erneuerbarkeit,1.0,1.0,0.06,0.06
Sickerbeläge,Kiesrasen,modulare_erneuerbarkeit,Modulare Erneuerbarkeit,0.5,0.5,0.06,0.03
Sickerbeläge,Rasengittersteine,modulare_erneuerbarkeit,Modulare Erneuerbarkeit,0.5,0.5,0.06,0.03
,,modulare_erneuerbarkeit,Modulare Erneuerbarkeit,,,0.06,
,,modulare_erneuerbarkeit,Modulare Erneuerbarkeit,,,0.06,
,,modulare_erneuerbarkeit,Modulare Erneuerbarkeit,,,0.06,
"Herleitung,""Quellen: Stadt Zürich 2022 - Grobökobilanz von Freiraumelementen, Schwammstadt Labor Zürich et al. 2025, KBOB v7.0, Xu 2018, Yan 2025, Wan 2023, Kappel (2016) - Angewandter Strassenbau"",modulare_erneuerbarkeit,Modulare Erneuerbarkeit,,,0.06,"
"Lebensdauer,""Die Lebensdauer der Beläge wurde in Anlehnung an die Grobökobilanz von Freiraumelementen (Stadt Zürich, 2022) sowie die KBOB-Ökobilanzdaten 2009/1:2022 (v7.0) definiert. Ergänzende Werte zu innovativen Asphalt- und Pflasterbelägen wurden aus Xu (2018) und Yan (2025) übernommen, die die erhöhte Lebensdauer temperatur- und bindemitteloptimierter Mischungen belegen. Für ungebundene und sickerfähige Beläge wurden kürzere Nutzungszeiten nach empirischen Beobachtungen des Schwammstadt Labors Zürich et al. (2025) angesetzt. "",modulare_erneuerbarkeit,Modulare Erneuerbarkeit,,,0.06,"
"Versickerungsleistung [ψ],""Abflussbeiwert: ψ = 1 → kein Wasser versickert, ψ = 0 → alles Wasser versickert, ψ = 0.6→ 60% Oberflächenabfluss, 40% Versickerung, nach SIA 190:2017 und DWA-A138 (Schweiz/Deutschland), Abgeleitet von Schwammstadt Labor Zürich et al. 2025 und Stadt Zürich 2022 - Grobökobilanz von Freiraumelementen"",modulare_erneuerbarkeit,Modulare Erneuerbarkeit,,,0.06,"
"Multifunktionalität - Oberflächentemperatur [°C] ,""Die  Oberflächentemperaturen wurden aus Simulationen und Feldmessungen der Stadt Zürich (2022) - Grobökobilanz von Freiraumelementen und Xu (2018) abgeleitet, ergänzt durch Werte aus Yan (2025) zur thermischen Reflexion heller Asphaltmischungen. Als Referenzwert galt der Oberflechentemperaturwert von Asphalt von 58.4°C"",modulare_erneuerbarkeit,Modulare Erneuerbarkeit,,,0.06,"
"Multifunktionalität - Befahrbarkeit,""sehr gut= uneingeschränkt PKW und LKW,gut = PKW, gelegentlich LKW, eingeschränkt = gelegentlich PKW und LKW, keine Dauerbelastung, nicht befahrbar = nicht für PKW und LKW, abgleitet von Stadt Zürich 2022 - Grobökobilanz von Freiraumelementen, Schwammstadt Labor Zürich et al. 202 "",modulare_erneuerbarkeit,Modulare Erneuerbarkeit,,,0.06,"
"Kosten [CHF/m²],""Angaben aus Stadt Zürich 2022 - Grobökobilanz von Freiraumelementen, verifiziert Schwammstadt Labor Zürich et al. 2025 und Kappel (2016)"",modulare_erneuerbarkeit,Modulare Erneuerbarkeit,,,0.06,"
"Unterhaltskosten [CHF/m²a],""Angaben aus Stadt Zürich 2022 - Grobökobilanz von Freiraumelementen, verifiziert Schwammstadt Labor Zürich et al. 2025 und Kappel (2016)"",modulare_erneuerbarkeit,Modulare Erneuerbarkeit,,,0.06,"
"Ökobilanz - CO₂-Emissionen [kg CO₂-eq/m²],""Treibhausgasemissionen für Herstellung (inkl. Transport, Bindemittel etc.), Kennwerte aus KBOB-Datensatz v7.0 (2024) - Oekobilanzdaten_Baubereich, Energie- und Treibhausgaswerte für CH-Mix, verifiziert mit Stadt Zürich 2022 - Grobökobilanz von Freiraumelementen"",modulare_erneuerbarkeit,Modulare Erneuerbarkeit,,,0.06,"
"Ökobilanz - Graue Energie [kWh/m²],""nicht-erneuerbare Primärenergiebedarf bei Herstellung, Kennwerte aus Kennwerte aus KBOB-Datensatz v7.0 (2024) - Oekobilanzdaten_Baubereich, verifiziert mit Stadt Zürich 2022 - Grobökobilanz von Freiraumelementen"",modulare_erneuerbarkeit,Modulare Erneuerbarkeit,,,0.06,"
"Recyclingfähigkeit [%],""Die qualitative Einstufung der Recyclingfähigkeit basiert auf den Angaben zur Rückbaubarkeit und Wiederverwendung in der Grobökobilanz von Freiraumelementen (Stadt Zürich, 2022) - Grobökobilanz von Freiraumelementen, Schwammstadt Labor Zürich et al. 2025."
Ergänzend wurden technische Grundlagen zur Wiederverwertung und Materialtrennung aus Kappel (2016) berücksichtigt.
"Beläge werden in die Kategorien hoch, mittel und gering eingeteilt."",modulare_erneuerbarkeit,Modulare Erneuerbarkeit,,,0.06,"
"Lokale Materialien [%],""Der Anteil lokaler Materialien wurde qualitativ bewertet. Dabei wird zwischen „meist lokal“ (> 80 %), „teilweise lokal“ (40–80 %) und „meist importiert“ (< 40 %) unterschieden. Diese Einstufung orientiert sich an den Beschreibungen der Materialherkunft in der Grobökobilanz von Freiraumelementen (Stadt Zürich, 2022), den Materialanalysen von Kappel (2016) und den Beobachtungen des Schwammstadt Labors Zürich (2025)."",modulare_erneuerbarkeit,Modulare Erneuerbarkeit,,,0.06,"
"Modulare Erneuerbarkeit,""ja = einzelne Module (Steine) austauschbar, nein = keine modulare Erneuerung möglich. Pflaster- und Sickerbeläge gelten als modular erneuerbar (Austausch einzelner Elemente), während Asphaltbeläge in der Regel vollflächig ersetzt werden müssen, eigene Einschätzung"",modulare_erneuerbarkeit,Modulare Erneuerbarkeit,,,0.06,"
"Barierefreiheit,""hoch = eben, fugenlos, rollstuhlgängig, kinderwagenfreundlich, mässig = leichte Einschränkungen durch Fugen, Unebenheiten oder Vegetation, eingeschränkt rollstuhltauglich, niedrig = nicht barrierefrei, lose Beläge oder starke Unebenheiten, eigen Einschätzung und Ableitung von Stadt Zürich 2022 - Grobökobilanz von Freiraumelementen, Schwammstadt Labor Zürich et al. 2025"",modulare_erneuerbarkeit,Modulare Erneuerbarkeit,,,0.06,"
